{
    "original_score": 0.7177306741506901,
    "shuffled_scores": [
        0.6562845538198904,
        0.6683105058242472,
        0.687787793799031,
        0.6670626925959939,
        0.666050019443369,
        0.6492353707239259,
        0.6694869918497515,
        0.6374148429837361,
        0.6709981650030805,
        0.6722893619202617,
        0.6577845049233579,
        0.6640608361521773,
        0.6617442568941931,
        0.6707944269502903,
        0.6752670285307067,
        0.6656066514622438,
        0.6825922835251568,
        0.6633300632656745,
        0.6769242093995347,
        0.6680302546395092,
        0.684457220161558,
        0.6548193117502663,
        0.672305338041209,
        0.6819296498398848,
        0.6426054820472966,
        0.6621078977527857,
        0.6829090882277766,
        0.6665464992362937,
        0.68000674189021,
        0.6652428283804528,
        0.6781091875168778,
        0.6541158605523132,
        0.6871258717640598,
        0.6794343900891606,
        0.6910514659139573,
        0.6931512676154928,
        0.6680715193790316,
        0.667931624196644,
        0.6654894960540718,
        0.6637125891328863,
        0.6492005202777993,
        0.6696796956182965,
        0.6708671819022984,
        0.6536936107605116,
        0.6805568937734268,
        0.6472208370622998,
        0.6504323101991827,
        0.682375105403696,
        0.6593851664258555,
        0.6922765756794202,
        0.672993115807494,
        0.7128373880873156,
        0.6520622452415235,
        0.666847242178672,
        0.6491689469518331,
        0.6621087353064157,
        0.6652287308937419,
        0.6874152673404419,
        0.6695109402321267,
        0.6442950971590624,
        0.6500615253463502,
        0.6668537340308605,
        0.6775792136049166,
        0.6815615491245997,
        0.6595304877527,
        0.6793122468450234,
        0.6710316866010808,
        0.6742599746938526,
        0.6535271650533825,
        0.687544071880153,
        0.6585579468686933,
        0.6716498057093174,
        0.6891674371101169,
        0.6880729712343928,
        0.6712508286279799,
        0.6674661664098576,
        0.6386996928579778,
        0.6805611949648256,
        0.6891395467365485,
        0.6520054122851244,
        0.6792058741054954,
        0.6356136191321788,
        0.6535432201616711,
        0.661042098001569,
        0.6835895892622459,
        0.6655450883274527,
        0.6920452748674457,
        0.6871017448411616,
        0.6781048235096578,
        0.6852656904607748,
        0.6875104400437785,
        0.6632117581160599,
        0.6829945294200395,
        0.6818002156117504,
        0.671325758298877,
        0.6681672999481789,
        0.6775556693860937,
        0.657786118159567,
        0.675078831343785,
        0.6765736517511745
    ],
    "mean_shuffled_score": 0.6698122770203646,
    "best_shuffled_score": 0.7128373880873156,
    "std_shuffled_score": 0.014147911421238384,
    "conf_interval": [
        0.6669908820334994,
        0.6726336720072298
    ],
    "average_difference": -0.04791839713032553
}