{
    "original_score": 0.7397899587681255,
    "shuffled_scores": [
        0.7281404031709791,
        0.7343180914961966,
        0.735224478968119,
        0.7321153495852655,
        0.7290144887173662,
        0.7367555629322187,
        0.7359206957569189,
        0.7368247535092332,
        0.7341930960163623,
        0.7314271757751626,
        0.7318474169929245,
        0.7338841318606844,
        0.7289935760028696,
        0.7319105249075528,
        0.7304528116310155,
        0.7327460489776745,
        0.7312049356929072,
        0.73610622795909,
        0.7360440314250957,
        0.7348536183474212,
        0.7332566985754335,
        0.7382162492942873,
        0.7337661614125627,
        0.7364580607022295,
        0.73047327891375,
        0.7301144310984662,
        0.732828355958917,
        0.7306488722134017,
        0.7344786806176395,
        0.7254920629320566,
        0.7350448082149874,
        0.7315687667252658,
        0.7318855068220964,
        0.7294023568836197,
        0.735062644313556,
        0.7367169108351902,
        0.7333992332432724,
        0.7345254944564263,
        0.7311203131330777,
        0.7323965231745273,
        0.7349446483523642,
        0.7363448858658513,
        0.7341456919524911,
        0.7357423887162245,
        0.7290762197154577,
        0.7320812551657332,
        0.7329471904184446,
        0.7362507764631403,
        0.727625520469015,
        0.7385142667046416,
        0.7333554086934859,
        0.7335082345434132,
        0.7310470297651177,
        0.7393985415416963,
        0.7360460226150032,
        0.7328506562585988,
        0.7349099348863564,
        0.7322494011911964,
        0.7312760010603184,
        0.7334473144612174,
        0.7310441811216615,
        0.7332102941737488,
        0.7361123434873433,
        0.7303272625454926,
        0.7323878682352565,
        0.7326454955154262,
        0.729879131180841,
        0.7339743117136341,
        0.7301754076340614,
        0.731431355408295,
        0.735237435788276,
        0.7321115902028339,
        0.7348549145574774,
        0.7296626141786858,
        0.7298289156383533,
        0.7356999159575556,
        0.7302284160275665,
        0.7277504042710938,
        0.7340752967446929,
        0.7361568244289038,
        0.7312335934181146,
        0.7327182707060452,
        0.7375304115495236,
        0.73059645165121,
        0.7338958435869771,
        0.7294591395044252,
        0.7327835421465251,
        0.7397197777248914,
        0.7332310099452697,
        0.7271315893681881,
        0.7295770294574309,
        0.7343247666781682,
        0.73288483887224,
        0.7321908617994386,
        0.7280043527504968,
        0.7357873696023601,
        0.7397198895701134,
        0.7285660212831692,
        0.730569953012285,
        0.7357895159357388
    ],
    "mean_shuffled_score": 0.7329710242545938,
    "best_shuffled_score": 0.7397198895701134,
    "std_shuffled_score": 0.002913890534903964,
    "conf_interval": [
        0.7323899323956845,
        0.7335521161135031
    ],
    "average_difference": -0.00681893451353166
}