{
    "original_score": 0.5274003309640303,
    "shuffled_scores": [
        0.4521571445708986,
        0.4941604562118649,
        0.4375571375893923,
        0.4749892729156463,
        0.4844540241426817,
        0.4211195247598336,
        0.4710312082080268,
        0.43507157129884333,
        0.49037878887386765,
        0.45340323945192995,
        0.4567516391447519,
        0.4785868989156309,
        0.4827512192486094,
        0.4978039188442588,
        0.41486597340830356,
        0.44633846269349164,
        0.48210957479510463,
        0.42974491613844823,
        0.4451206201892195,
        0.4697948022556312,
        0.4587436603681039,
        0.5063959243938894,
        0.40613016837780735,
        0.4989115530778184,
        0.48533142796848217,
        0.4861810139790207,
        0.4264865892342854,
        0.5144854290970959,
        0.5024712330680586,
        0.4618878737461579,
        0.43927454651326614,
        0.4724507254504129,
        0.44479624187203615,
        0.48170917204455665,
        0.45371438443682877,
        0.4077557279813063,
        0.4670603572578421,
        0.3991563452826796,
        0.477371651437843,
        0.497621560398227,
        0.4771103462547367,
        0.46090174716561727,
        0.5135098409079083,
        0.4783860593862638,
        0.44900302918922863,
        0.49590523929379415,
        0.5058785307270811,
        0.4515577877590954,
        0.49401718649144655,
        0.46366024727161803,
        0.47868099028364475,
        0.5036692108171186,
        0.48921919959403803,
        0.4960000028318121,
        0.5245866309292402,
        0.4084838984893716,
        0.4492846882425787,
        0.45568151984515437,
        0.48371602556441284,
        0.5047548476833523,
        0.4570657663348312,
        0.49815641811329625,
        0.4930123224389583,
        0.5006958643887157,
        0.4701111731162245,
        0.4657724618367409,
        0.4588897777896541,
        0.45592988876150586,
        0.45742718487660183,
        0.40851935493826885,
        0.48219838901914636,
        0.4204831439600829,
        0.5048162126532953,
        0.45185655002739733,
        0.4766442155528384,
        0.44261558437803916,
        0.4191471062203356,
        0.44688857738572085,
        0.4317666477709361,
        0.4873720492636825,
        0.44851137589913603,
        0.46206097975366667,
        0.4594882127346921,
        0.4950864581654508,
        0.4629166811605925,
        0.4277820889246893,
        0.4846075663961219,
        0.45516240551162235,
        0.42685854797079803,
        0.48239317623211964,
        0.49378090862753143,
        0.5107137156008352,
        0.4334704108092199,
        0.44407112213497413,
        0.49223520031235135,
        0.4225677790517539,
        0.4323936166615753,
        0.4570985633566699,
        0.48127274480443294,
        0.4711920577576314
    ],
    "mean_shuffled_score": 0.4656316530906181,
    "best_shuffled_score": 0.5245866309292402,
    "std_shuffled_score": 0.028735692903445634,
    "conf_interval": [
        0.4599011436544216,
        0.4713621625268146
    ],
    "average_difference": -0.06176867787341217
}