{
    "original_score": 0.7834519655180784,
    "shuffled_scores": [
        0.7384538499960603,
        0.7566036548623892,
        0.7467790462559709,
        0.7529928732526696,
        0.7666126952578083,
        0.7443595396327474,
        0.7653728276237955,
        0.7504888199692843,
        0.7615716792085058,
        0.7622768065358814,
        0.7448322685785905,
        0.7580568369605742,
        0.7373457458127753,
        0.7504343292539375,
        0.7511653320214968,
        0.7593773477187388,
        0.7359898950568345,
        0.757435447523255,
        0.7463112273784136,
        0.7479464909455532,
        0.7571958396203512,
        0.7734163767640572,
        0.725513256114953,
        0.7548965135536579,
        0.764709716212211,
        0.769839993370843,
        0.755102726255241,
        0.7776759304720455,
        0.7425207665337477,
        0.7626128912724082,
        0.7644787206948372,
        0.746183548455172,
        0.7044279912021315,
        0.7588389513060951,
        0.7306422490257566,
        0.7575595145195602,
        0.7566954319504273,
        0.7298285592904117,
        0.7508707636388435,
        0.7667442345660282,
        0.772258978189078,
        0.7520462635015086,
        0.7533959227948501,
        0.7580323481302101,
        0.7685385686187394,
        0.7643644568247702,
        0.7423365813440022,
        0.7592129349477694,
        0.7392910960373716,
        0.7436559795190371,
        0.7563816403737867,
        0.7620255325689461,
        0.7492599277969816,
        0.7519733867155376,
        0.7584175115995662,
        0.7706899602177013,
        0.7520853199576181,
        0.7616322425712035,
        0.7448782057591998,
        0.745919939154108,
        0.7731497651525617,
        0.7523704947617399,
        0.759053412705129,
        0.7537271002886756,
        0.7673775542343187,
        0.75076466784418,
        0.7405247286177327,
        0.752705751705281,
        0.7449754368784939,
        0.7513978326487842,
        0.7497370135511883,
        0.767226069110388,
        0.7637694692060031,
        0.7448207587987947,
        0.7675028538799671,
        0.7544056308119371,
        0.7692296110830286,
        0.7545528922649096,
        0.7486007613325847,
        0.7612153150466167,
        0.7748178287441732,
        0.749428154337772,
        0.7663596408011668,
        0.7771951508184791,
        0.762589812593335,
        0.7667055835873805,
        0.7369230915686764,
        0.7530741639896757,
        0.7439520258282553,
        0.7665460418196932,
        0.7590876186544386,
        0.7595309686502508,
        0.7619590252790599,
        0.7570609781242557,
        0.7579873550309011,
        0.735598520871956,
        0.7550982931482833,
        0.7623299490560108,
        0.7201025271294832,
        0.7387794446970617
    ],
    "mean_shuffled_score": 0.7542279077993866,
    "best_shuffled_score": 0.7776759304720455,
    "std_shuffled_score": 0.01238426635466587,
    "conf_interval": [
        0.7517582212167717,
        0.7566975943820016
    ],
    "average_difference": -0.029224057718691743
}