{
    "original_score": 0.5374358169688502,
    "shuffled_scores": [
        0.40629635412877085,
        0.40280276838206663,
        0.40625081919886774,
        0.4075556231937606,
        0.404609289354827,
        0.5374532517016344,
        0.404609289354827,
        0.40462672408761136,
        0.4062333844660835,
        0.3879443951181457,
        0.4028657380447541,
        0.5258995551963555,
        0.3878639907226741,
        0.40284830331196975,
        0.4028657380447541,
        0.40467225901751436,
        0.4022380817415119,
        0.4063137888615551,
        0.40462672408761136,
        0.40280276838206663,
        0.4028657380447541,
        0.40757305792654497,
        0.40625081919886774,
        0.40812030983431535,
        0.4081377445670997,
        0.40807477490441246,
        0.40467225901751436,
        0.402865738044754,
        0.40284830331196975,
        0.38788142545545834,
        0.38970538116100295,
        0.40462672408761136,
        0.3913924459349467,
        0.4028657380447541,
        0.40412500710974375,
        0.40629635412877074,
        0.4056686978255285,
        0.4062333844660835,
        0.40462672408761136,
        0.4027853336492824,
        0.4081377445670997,
        0.38970538116100295,
        0.40412500710974375,
        0.4081377445670997,
        0.40812030983431535,
        0.404609289354827,
        0.5259625248590428,
        0.5374532517016346,
        0.38792696038536134,
        0.39319896690770717,
        0.40462672408761136,
        0.40280276838206674,
        0.40807477490441246,
        0.40284830331196975,
        0.40280276838206663,
        0.404609289354827,
        0.404609289354827,
        0.40468969375029873,
        0.40629635412877085,
        0.4081377445670997,
        0.3878639907226741,
        0.4027853336492825,
        0.4062333844660835,
        0.4062333844660835,
        0.5387125207666243,
        0.40807477490441246,
        0.4028657380447541,
        0.5374358169688501,
        0.4063137888615551,
        0.40467225901751436,
        0.38788142545545834,
        0.5373902820389471,
        0.4063137888615551,
        0.40468969375029873,
        0.40629635412877074,
        0.4028657380447541,
        0.404609289354827,
        0.4027853336492825,
        0.4075556231937606,
        0.40625081919886774,
        0.404609289354827,
        0.40462672408761136,
        0.4028657380447541,
        0.4028657380447541,
        0.4063137888615551,
        0.4027853336492825,
        0.40629635412877074,
        0.4056686978255286,
        0.38975091609090584,
        0.39082775929439184,
        0.38975091609090595,
        0.4027853336492824,
        0.40629635412877085,
        0.5408208981229639,
        0.40462672408761136,
        0.4062333844660835,
        0.5427252582239803,
        0.40468969375029873,
        0.402865738044754,
        0.40284830331196975
    ],
    "mean_shuffled_score": 0.41473951980673535,
    "best_shuffled_score": 0.5427252582239803,
    "std_shuffled_score": 0.038559348312836236,
    "conf_interval": [
        0.407049964169335,
        0.4224290754441357
    ],
    "average_difference": -0.12269629716211489
}